new menu,bench marks,,,
HNSS DCBMS FINAL,,,HNSS DCBMS FINAL.xlsx,
new menu,hydraulic,,,
113.600 TO 114.000,113.600 TO 114.000.dwg,,,
114.000 TO 115.300,114.000 TO 115.300.dwg,,,
115.300 TO  115.350,115.300 TO  115.350.dwg,,,
115.350 TO 125.000,115.350 TO 125.000.dwg,,,
125.000 TO 125.050,125.000 TO 125.050.dwg,,,
125.050 TO 133.300,125.050 TO 133.300.dwg,,,
133.300 TO 133.350,133.300 TO 133.350.dwg,,,
133.350 TO 134.270,133.350 TO 134.270.dwg,,,
134.000 TO 135.600,134.000 TO 135.600.dwg,,,
135.600 TO 135.650,135.600 TO 135.650.dwg,,,
135.650 TO 139.830,135.650 TO 139.830.dwg,,,
139.830 TO 139.880,139.830 TO 139.880.dwg,,,
139.880 TO 140.750,139.880 TO 140.750.dwg,,,
140.750 TO 140.800,140.750 TO 140.800.dwg,,,
140.800 TO 142.200,140.800 TO 142.200.dwg,,,
142.050 TO 144.080,142.050 TO 144.080.dwg,,,
142.200 TO 142.050,142.200 TO 142.050.dwg,,,
144.080 TO 144.130,144.080 TO 144.130.dwg,,,
144.130 TO 147.600,144.130 TO 147.600.dwg,,,
147.600 TO 147.650,147.600 TO 147.650.dwg,,,
147.650 TO 149.550,147.650 TO 149.550.dwg,,,
149.550 TO 149.600,149.550 TO 149.600.dwg,,,
149.600 TO 153.300,149.600 TO 153.300.dwg,,,
153.300 TO 153.350,153.300 TO 153.350.dwg,,,
153.350 TO 154.700,153.350 TO 154.700.dwg,,,
154.700 TO 154.750,154.700 TO 154.750.dwg,,,
154.750 TO 155.400,154.750 TO 155.400.dwg,,,
155.000 TO 159.500,155.000 TO 159.500.dwg,,,
159.500 TO 159.550,159.500 TO 159.550.dwg,,,
159.550 TO 160.050,159.550 TO 160.050.dwg,,,
160.050 TO 160.100,160.050 TO 160.100.dwg,,,
160.100 TO 161.775,160.100 TO 161.775.dwg,,,
161.775 TO 161.825,161.775 TO 161.825.dwg,,,
161.825 TO 162.400,161.825 TO 162.400.dwg,,,
162.400 TO 162.450,162.400 TO 162.450.dwg,,,
162.450 TO 162.825,162.450 TO 162.825.dwg,,,
162.825 TO  162.875,162.825 TO  162.875.dwg,,,
162.875 TO 163.550,162.875 TO 163.550.dwg,,,
163.550 TO  163.600,163.550 TO  163.600.dwg,,,
163.600 TO 164.450,163.600 TO 164.450.dwg,,,
164.450 TO 164.500,164.450 TO 164.500.dwg,,,
164.500 TO 165.050,164.500 TO 165.050.dwg,,,
165.050 TO 165.100,165.050 TO 165.100.dwg,,,
165.100 TO  165.300,165.100 TO  165.300.dwg,,,
165.300 TO 165.350,165.300 TO 165.350.dwg,,,
165.350 TO 166.850,165.350 TO 166.850.dwg,,,
166.850 TO 166.900,166.850 TO 166.900.dwg,,,
166.900 TO 168.950,166.900 TO 168.950.dwg,,,
168.950 TO 169.000,168.950 TO 169.000.dwg,,,
169.000 TO 169.500,169.000 TO 169.500.dwg,,,
169.500 TO 169.550,169.500 TO 169.550.dwg,,,
169.550 TO 170.050,169.550 TO 170.050.dwg,,,
170.050 TO 170.100,170.050 TO 170.100.dwg,,,
170.100 TO 170.600,170.100 TO 170.600.dwg,,,
170.600 TO 170.650,170.600 TO 170.650.dwg,,,
170.650 TO 172.400,170.650 TO 172.400.dwg,,,
172.400 TO 172.450,172.400 TO 172.450.dwg,,,
172.450 TO 173.800,172.450 TO 173.800.dwg,,,
174.000 TO 175.000,174.000 TO 175.000.dwg,,,
175.000 TO 175.050,175.000 TO 175.050.dwg,,,
176.000 TO 177.275,176.000 TO 177.275.dwg,,,
177.275 TO 177.325,177.275 TO 177.325.dwg,,,
177.325 TO 179.575,177.325 TO 179.575.dwg,,,
179.575 TO 179.625,179.575 TO 179.625.dwg,,,
179.625 TO 180.275,179.625 TO 180.275.dwg,,,
180.275 TO 180.325,180.275 TO 180.325.dwg,,,
180.325 TO 180.775,180.325 TO 180.775.dwg,,,
180.775 TO180.825,180.775 TO180.825.dwg,,,
180.825 TO182.100,180.825 TO182.100.dwg,,,
182.100 TO182.150,182.100 TO182.150.dwg,,,
182.150  TO 182.550,182.150  TO 182.550.dwg,,,
182.550  TO 182.600,182.550  TO 182.600.dwg,,,
182.600  TO 187.550,182.600  TO 187.550.dwg,,,
187.550  TO 187.600,187.550  TO 187.600.dwg,,,
192.000 TO 194.000,192.000 TO 194.000.dwg,,,
194.000 TO 194.050,194.000 TO 194.050.dwg,,,
194.050 TO 195.500,194.050 TO 195.500.dwg,,,
195.500 TO 195.550,195.500 TO 195.550.dwg,,,
195.550 TO 195.625,195.550 TO 195.625.dwg,,,
195.625 TO 195.675,195.625 TO 195.675.dwg,,,
195.675 TO 199.000,195.675 TO 199.000.dwg,,,
199.000 TO 199.050,199.000 TO 199.050.dwg,,,
199.050 TO 199.550,199.050 TO 199.550.dwg,,,
199.550 TO 199.600,199.550 TO 199.600.dwg,,,
199.600 TO 202.150,199.600 TO 202.150.dwg,,,
202.150 TO 202.200,202.150 TO 202.200.dwg,,,
202.200 TO 202.675,202.200 TO 202.675.dwg,,,
202.675 TO 202.725,202.675 TO 202.725.dwg,,,
202.725 TO 204.150,202.725 TO 204.150.dwg,,,
204.150 TO 204.200,204.150 TO 204.200.dwg,,,
204.200 TO 205.050,204.200 TO 205.050.dwg,,,
205.050 TO 205.100,205.050 TO 205.100.dwg,,,
205.100 TO 206.825,205.100 TO 206.825.dwg,,,
206.825 TO 206.875,206.825 TO 206.875.dwg,,,
206.875 TO 208.625,206.875 TO 208.625.dwg,,,
208.625 TO 208.675,208.625 TO 208.675.dwg,,,
208.675 TO 208.950,208.675 TO 208.950.dwg,,,
208.950 TO 209.000,208.950 TO 209.000.dwg,,,
209.000 TO 209.450,209.000 TO 209.450.dwg,,,
210.000 TO 210.300,210.000 TO 210.300.dwg,,,
210.300 TO 210.350,210.300 TO 210.350.dwg,,,
210.350 TO 210.775,210.350 TO 210.775.dwg,,,
210.775 TO 210.825,210.775 TO 210.825.dwg,,,
210.825 TO 211.175,210.825 TO 211.175.dwg,,,
211.175 TO 211.225,211.175 TO 211.225.dwg,,,
211.225 TO 211.700,211.225 TO 211.700.dwg,,,
211.700 TO 211.750,211.700 TO 211.750.dwg,,,
211.750 TO 213.700,211.750 TO 213.700.dwg,,,
213.700 TO 213.750,213.700 TO 213.750.dwg,,,
213.750 TO 216.208,213.750 TO 216.208.dwg,,,
new menu,structures,,,
KM 114.865-SLB,KM 114.865-SLB-GENERAL PLAN-1.dwg,,KM 114.865-SLB-GENERAL PLAN-1.jpg,KM 114.865-SLB.xls
KM 114.865-SLB,KM 114.865-SLB- SECTION DETAIL-2.dwg,,KM 114.865-SLB- SECTION DETAIL-2.jpg,
KM 116.623-UT,KM 116.623-UT-GENERAL PLAN-1.dwg,,KM 116.623-UT-GENERAL PLAN-1.jpg,KM 116.623-UT.xls
new menu,kmwise,,,
113.600 TO 115.000,113.600 TO 115.000.dwg,,,
115.000 TO 116.000,115.000 TO 116.000.dwg,,,
116.000 TO 117.000,116.000 TO 117.000.dwg,,,
117.000 TO 118.000,117.000 TO 118.000.dwg,,,
118.000 TO 119.000,118.000 TO 119.000.dwg,,,
119.000 TO 120.000,119.000 TO 120.000.dwg,,,
120.000 TO 121.000,120.000 TO 121.000.dwg,,,
121.000 TO 122.000,121.000 TO 122.000.dwg,,,
122.000 TO 123.000,122.000 TO 123.000.dwg,,,
123.000 TO 124.000,123.000 TO 124.000.dwg,,,
124.000 TO 125.000,124.000 TO 125.000.dwg,,,
125.000 TO 126.000,125.000 TO 126.000.dwg,,,
126.000 TO 127.000,126.000 TO 127.000.dwg,,,
127.000 TO 128.000,127.000 TO 128.000.dwg,,,
128.000 TO 129.000,128.000 TO 129.000.dwg,,,
129.000 TO 130.000,129.000 TO 130.000.dwg,,,
130.000 TO 131.000,130.000 TO 131.000.dwg,,,
131.000 TO 132.000,131.000 TO 132.000.dwg,,,
132.000 TO 133.000,132.000 TO 133.000.dwg,,,
133.000 TO 134.000,133.000 TO 134.000.dwg,,,
134.000 TO 134.300,134.000 TO 134.300.dwg,,,
134.300 TO 135.000,134.300 TO 135.000.dwg,,,
135.000 TO 136.000,135.000 TO 136.000.dwg,,,
136.000 TO 137.000,136.000 TO 137.000.dwg,,,
137.00 TO 138.000,137.00 TO 138.000.dwg,,,
138.000 TO 139.000,138.000 TO 139.000.dwg,,,
139.000 TO 140.000,139.000 TO 140.000.dwg,,,
140.000 TO 141.000,140.000 TO 141.000.dwg,,,
141.000 TO 142.000,141.000 TO 142.000.dwg,,,
142.000 TO 143.000,142.000 TO 143.000.dwg,,,
143.000 TO 144.000,143.000 TO 144.000.dwg,,,
144.000 TO 145.000,144.000 TO 145.000.dwg,,,
145.000 TO 146.000,145.000 TO 146.000.dwg,,,
146.000 TO 147.000,146.000 TO 147.000.dwg,,,
147.000 TO 148.000,147.000 TO 148.000.dwg,,,
148.000 TO 149.000,148.000 TO 149.000.dwg,,,
149.000 TO 150.000,149.000 TO 150.000.dwg,,,
150.000 TO 151.000,150.000 TO 151.000.dwg,,,
151.000 TO 152.000,151.000 TO 152.000.dwg,,,
152.000 TO 153.000,152.000 TO 153.000.dwg,,,
153.000 TO 154.000,153.000 TO 154.000.dwg,,,
154.000 TO 154.900,154.000 TO 154.900.dwg,,,
154.900 TO 156.000,154.900 TO 156.000.dwg,,,
156.000 TO 157.000,156.000 TO 157.000.dwg,,,
157.000 TO 158.000,157.000 TO 158.000.dwg,,,
158.000 TO 159.000,158.000 TO 159.000.dwg,,,
159.000 TO 160.000,159.000 TO 160.000.dwg,,,
160.000 TO 161.000,160.000 TO 161.000.dwg,,,
161.000 TO 162.000,161.000 TO 162.000.dwg,,,
162.000 TO 163.000,162.000 TO 163.000.dwg,,,
163.000 TO 164.000,163.000 TO 164.000.dwg,,,
164.000 TO 165.000,164.000 TO 165.000.dwg,,,
165.000 to 166.000,165.000 to 166.000.dwg,,,
166.000 TO 167.000,166.000 TO 167.000.dwg,,,
167.000 TO 168.000,167.000 TO 168.000.dwg,,,
168.000 TO 169.000,168.000 TO 169.000.dwg,,,
169.000 TO 170.000,169.000 TO 170.000.dwg,,,
170.000 TO 171.000,170.000 TO 171.000.dwg,,,
171.000 TO 172.000,171.000 TO 172.000.dwg,,,
172.000 TO 173.000,172.000 TO 173.000.dwg,,,
173.000 TO 174.000,173.000 TO 174.000.dwg,,,
174.000 TO 175.000,174.000 TO 175.000.dwg,,,
175.000 TO 176.000,175.000 TO 176.000.dwg,,,
176.000 TO 177.000,176.000 TO 177.000.dwg,,,
177.000 TO 178.000,177.000 TO 178.000.dwg,,,
178.000 TO 179.000,178.000 TO 179.000.dwg,,,
179.000 TO 180.000,179.000 TO 180.000.dwg,,,
180.000 TO 181.000,180.000 TO 181.000.dwg,,,
181.000 TO 182.000,181.000 TO 182.000.dwg,,,
182.000 TO 183.000,182.000 TO 183.000.dwg,,,
183.000 TO 184.000,183.000 TO 184.000.dwg,,,
184.000 TO 185.000,184.000 TO 185.000.dwg,,,
185.000 TO 186.000,185.000 TO 186.000.dwg,,,
186.000 TO 187.000,186.000 TO 187.000.dwg,,,
187.000 TO 188.000,187.000 TO 188.000.dwg,,,
188.000 TO 189.000,188.000 TO 189.000.dwg,,,
189.000 TO 190.000,189.000 TO 190.000.dwg,,,
190.000 TO 191.200,190.000 TO 191.200.dwg,,,
191.200 TO 192.000,191.200 TO 192.000.dwg,,,
192.000 TO 193.000,192.000 TO 193.000.dwg,,,
193.000 TO 194.000,193.000 TO 194.000.dwg,,,
194.000 TO 195.000,194.000 TO 195.000.dwg,,,
195.000 TO 196.000,195.000 TO 196.000.dwg,,,
196.000 TO 197.000,196.000 TO 197.000.dwg,,,
197.000 TO 198.000,197.000 TO 198.000.dwg,,,
198.000 TO 199.000,198.000 TO 199.000.dwg,,,
199.000 TO 200.000,199.000 TO 200.000.dwg,,,
200.000 TO 201.000,200.000 TO 201.000.dwg,,,
201.000 TO 202.000,201.000 TO 202.000.dwg,,,
202.000 TO 203.000,202.000 TO 203.000.dwg,,,
203.000 TO 204.000,203.000 TO 204.000.dwg,,,
204.000 TO 205.000,204.000 TO 205.000.dwg,,,
205.000 T0 206.000,205.000 T0 206.000.dwg,,,
206.000 TO 207.000,206.000 TO 207.000.dwg,,,
207.000 TO 208.000,207.000 TO 208.000.dwg,,,
208.000 TO 209.000,208.000 TO 209.000.dwg,,,
209.000 TO 210.000,209.000 TO 210.000.dwg,,,
210.000 TO 211.000,210.000 TO 211.000.dwg,,,
211.000 TO 212.000,211.000 TO 212.000.dwg,,,
212.000 TO 213.000,212.000 TO 213.000.dwg,,,
213.000 TO 214.000,213.000 TO 214.000.dwg,,,
214.000 TO 215.000,214.000 TO 215.000.dwg,,,
215.000 TO 216.300,215.000 TO 216.300.dwg,,,
PERUR BC 0.000 TO 1.000,PERUR BC 0.000 TO 1.000.dwg,,,
PERUR BC 1.000 TO 2.000,PERUR BC 1.000 TO 2.000.dwg,,,
PERUR BC 2.000 TO 3.000,PERUR BC 2.000 TO 3.000.dwg,,,
PERUR BC 3.000 TO 4.000,PERUR BC 3.000 TO 4.000.dwg,,,
PERUR BC 4.000 TO 5.000,PERUR BC 4.000 TO 5.000.dwg,,,
PERUR BC 5.000 TO 6.070,PERUR BC 5.000 TO 6.070.dwg,,,
new menu,village,,,
new menu,custom menu,,,
Base Cum Site Map,,Auto cad MAP,HNSS-BASE MAP-TOTAL LENGTH.dwg,
